"Type","TG2ID","TherapeuticGrp2","District","YearDisp","NumDisps","NumPpl","NHIComp"
"Initial dispensings","707","Agents Affecting the Renin-Angiotensin System","New Zealand",2021,"2529538","653538",100
"Initial dispensings","707","Agents Affecting the Renin-Angiotensin System","New Zealand",2022,"2633905","678153",100
"Initial dispensings","707","Agents Affecting the Renin-Angiotensin System","New Zealand",2023,"2770720","711766",100
"Initial dispensings","707","Agents Affecting the Renin-Angiotensin System","New Zealand",2024,"2917493","741219",100
"Initial dispensings","707","Agents Affecting the Renin-Angiotensin System","New Zealand",2025,"3055503","773023",100
"Initial dispensings","3504","Agents Used in the Treatment of Poisonings","New Zealand",2021,"53","21",100
"Initial dispensings","3504","Agents Used in the Treatment of Poisonings","New Zealand",2022,"58","23",100
"Initial dispensings","3504","Agents Used in the Treatment of Poisonings","New Zealand",2023,"66","29",100
"Initial dispensings","3504","Agents Used in the Treatment of Poisonings","New Zealand",2024,"63","27",100
"Initial dispensings","3504","Agents Used in the Treatment of Poisonings","New Zealand",2025,"54","20",100
"Initial dispensings","2201","Agents for Parkinsonism and Related Disorders","New Zealand",2021,"119436","20770",100
"Initial dispensings","2201","Agents for Parkinsonism and Related Disorders","New Zealand",2022,"122647","20996",100
"Initial dispensings","2201","Agents for Parkinsonism and Related Disorders","New Zealand",2023,"127917","21558",100
"Initial dispensings","2201","Agents for Parkinsonism and Related Disorders","New Zealand",2024,"136790","22245",100
"Initial dispensings","2201","Agents for Parkinsonism and Related Disorders","New Zealand",2025,"143982","22545",100
"Initial dispensings","704","Alpha-Adrenoceptor Blockers","New Zealand",2021,"379880","110579",100
"Initial dispensings","704","Alpha-Adrenoceptor Blockers","New Zealand",2022,"386350","113200",100
"Initial dispensings","704","Alpha-Adrenoceptor Blockers","New Zealand",2023,"407566","119460",100
"Initial dispensings","704","Alpha-Adrenoceptor Blockers","New Zealand",2024,"428317","123408",100
"Initial dispensings","704","Alpha-Adrenoceptor Blockers","New Zealand",2025,"442965","127670",100
"Initial dispensings","2202","Anaesthetics","New Zealand",2021,"12551","9999",100
"Initial dispensings","2202","Anaesthetics","New Zealand",2022,"21696","18507",100
"Initial dispensings","2202","Anaesthetics","New Zealand",2023,"24622","21120",100
"Initial dispensings","2202","Anaesthetics","New Zealand",2024,"27955","23897",100
"Initial dispensings","2202","Anaesthetics","New Zealand",2025,"30490","25963",100
"Initial dispensings","2204","Analgesics","New Zealand",2021,"4747437","1749590",100
"Initial dispensings","2204","Analgesics","New Zealand",2022,"5305753","1972941",100
"Initial dispensings","2204","Analgesics","New Zealand",2023,"5562766","2051547",100
"Initial dispensings","2204","Analgesics","New Zealand",2024,"5817975","2059390",100
"Initial dispensings","2204","Analgesics","New Zealand",2025,"5833774","2048374",100
"Initial dispensings","101","Antacids and Antiflatulents","New Zealand",2021,"77386","53807",100
"Initial dispensings","101","Antacids and Antiflatulents","New Zealand",2022,"76202","53674",100
"Initial dispensings","101","Antacids and Antiflatulents","New Zealand",2023,"79921","56705",100
"Initial dispensings","101","Antacids and Antiflatulents","New Zealand",2024,"85195","59979",100
"Initial dispensings","101","Antacids and Antiflatulents","New Zealand",2025,"87674","61840",100
"Initial dispensings","1601","Anthelmintics","New Zealand",2021,"13555","12362",100
"Initial dispensings","1601","Anthelmintics","New Zealand",2022,"12574","11572",100
"Initial dispensings","1601","Anthelmintics","New Zealand",2023,"14700","13519",100
"Initial dispensings","1601","Anthelmintics","New Zealand",2024,"16247","14808",100
"Initial dispensings","1601","Anthelmintics","New Zealand",2025,"17723","16054",100
"Initial dispensings","1001","Antiacne Preparations","New Zealand",2021,"98785","56081",100
"Initial dispensings","1001","Antiacne Preparations","New Zealand",2022,"112199","63983",100
"Initial dispensings","1001","Antiacne Preparations","New Zealand",2023,"122070","68819",100
"Initial dispensings","1001","Antiacne Preparations","New Zealand",2024,"138835","77045",100
"Initial dispensings","1001","Antiacne Preparations","New Zealand",2025,"148858","82472",100
"Initial dispensings","2801","Antiallergy Preparations","New Zealand",2021,"983","442",100
"Initial dispensings","2801","Antiallergy Preparations","New Zealand",2022,"962","431",100
"Initial dispensings","2801","Antiallergy Preparations","New Zealand",2023,"24310","20111",100
"Initial dispensings","2801","Antiallergy Preparations","New Zealand",2024,"29054","22915",100
"Initial dispensings","2801","Antiallergy Preparations","New Zealand",2025,"31108","25005",100
"Initial dispensings","401","Antianaemics","New Zealand",2021,"267722","121700",100
"Initial dispensings","401","Antianaemics","New Zealand",2022,"271584","121354",100
"Initial dispensings","401","Antianaemics","New Zealand",2023,"277676","123599",100
"Initial dispensings","401","Antianaemics","New Zealand",2024,"279771","122015",100
"Initial dispensings","401","Antianaemics","New Zealand",2025,"284521","123213",100
"Initial dispensings","1309","Antiandrogen Oral Contraceptives","New Zealand",2021,"66274","34811",100
"Initial dispensings","1309","Antiandrogen Oral Contraceptives","New Zealand",2022,"61225","32110",100
"Initial dispensings","1309","Antiandrogen Oral Contraceptives","New Zealand",2023,"57347","29916",100
"Initial dispensings","1309","Antiandrogen Oral Contraceptives","New Zealand",2024,"54485","27974",100
"Initial dispensings","1309","Antiandrogen Oral Contraceptives","New Zealand",2025,"50584","25958",100
"Initial dispensings","713","Antiarrhythmics","New Zealand",2021,"123779","31700",100
"Initial dispensings","713","Antiarrhythmics","New Zealand",2022,"125942","32609",100
"Initial dispensings","713","Antiarrhythmics","New Zealand",2023,"130646","33510",100
"Initial dispensings","713","Antiarrhythmics","New Zealand",2024,"136154","34607",100
"Initial dispensings","713","Antiarrhythmics","New Zealand",2025,"140237","35446",100
"Initial dispensings","1603","Antibacterials","New Zealand",2021,"2983307","1617911",100
"Initial dispensings","1603","Antibacterials","New Zealand",2022,"3235905","1743716",100
"Initial dispensings","1603","Antibacterials","New Zealand",2023,"3546659","1883130",100
"Initial dispensings","1603","Antibacterials","New Zealand",2024,"3533539","1877593",100
"Initial dispensings","1603","Antibacterials","New Zealand",2025,"3479202","1852509",100
"Initial dispensings","1004","Antibacterials Topical","New Zealand",2021,"248466","201476",100
"Initial dispensings","1004","Antibacterials Topical","New Zealand",2022,"244793","198697",100
"Initial dispensings","1004","Antibacterials Topical","New Zealand",2023,"298837","241064",100
"Initial dispensings","1004","Antibacterials Topical","New Zealand",2024,"298848","240027",100
"Initial dispensings","1004","Antibacterials Topical","New Zealand",2025,"313135","248669",100
"Initial dispensings","2834","Anticholinergic Agents","New Zealand",2021,"240475","72966",100
"Initial dispensings","2834","Anticholinergic Agents","New Zealand",2022,"248708","76453",100
"Initial dispensings","2834","Anticholinergic Agents","New Zealand",2023,"257930","78863",100
"Initial dispensings","2834","Anticholinergic Agents","New Zealand",2024,"277970","82242",100
"Initial dispensings","2834","Anticholinergic Agents","New Zealand",2025,"298058","85716",100
"Initial dispensings","1901","Anticholinesterases","New Zealand",2021,"2188","677",100
"Initial dispensings","1901","Anticholinesterases","New Zealand",2022,"2327","711",100
"Initial dispensings","1901","Anticholinesterases","New Zealand",2023,"2384","759",100
"Initial dispensings","1901","Anticholinesterases","New Zealand",2024,"2732","850",100
"Initial dispensings","1901","Anticholinesterases","New Zealand",2025,"3207","996",100
"Initial dispensings","2205","Antidepressants","New Zealand",2021,"2150465","599367",100
"Initial dispensings","2205","Antidepressants","New Zealand",2022,"2208120","614332",100
"Initial dispensings","2205","Antidepressants","New Zealand",2023,"2289485","628217",100
"Initial dispensings","2205","Antidepressants","New Zealand",2024,"2389453","641525",100
"Initial dispensings","2205","Antidepressants","New Zealand",2025,"2466546","654226",100
"Initial dispensings","104","Antidiarrhoeals","New Zealand",2021,"182302","81857",100
"Initial dispensings","104","Antidiarrhoeals","New Zealand",2022,"198875","95744",100
"Initial dispensings","104","Antidiarrhoeals","New Zealand",2023,"225882","117775",100
"Initial dispensings","104","Antidiarrhoeals","New Zealand",2024,"234792","121344",100
"Initial dispensings","104","Antidiarrhoeals","New Zealand",2025,"238457","121980",100
"Initial dispensings","2207","Antiepilepsy Drugs","New Zealand",2021,"744690","190999",100
"Initial dispensings","2207","Antiepilepsy Drugs","New Zealand",2022,"779531","199757",100
"Initial dispensings","2207","Antiepilepsy Drugs","New Zealand",2023,"839101","214217",100
"Initial dispensings","2207","Antiepilepsy Drugs","New Zealand",2024,"914785","229947",100
"Initial dispensings","2207","Antiepilepsy Drugs","New Zealand",2025,"979139","242544",100
"Initial dispensings","404","Antifibrinolytics, Haemostatics and Local Sclerosants","New Zealand",2021,"52050","38482",100
"Initial dispensings","404","Antifibrinolytics, Haemostatics and Local Sclerosants","New Zealand",2022,"53862","39879",100
"Initial dispensings","404","Antifibrinolytics, Haemostatics and Local Sclerosants","New Zealand",2023,"60252","44575",100
"Initial dispensings","404","Antifibrinolytics, Haemostatics and Local Sclerosants","New Zealand",2024,"67940","49569",100
"Initial dispensings","404","Antifibrinolytics, Haemostatics and Local Sclerosants","New Zealand",2025,"70921","51864",100
"Initial dispensings","2835","Antifibrotics","New Zealand",2021,"1058","344",100
"Initial dispensings","2835","Antifibrotics","New Zealand",2022,"1263","408",100
"Initial dispensings","2835","Antifibrotics","New Zealand",2023,"1482","471",100
"Initial dispensings","2835","Antifibrotics","New Zealand",2024,"1640","521",100
"Initial dispensings","2835","Antifibrotics","New Zealand",2025,"1699","537",100
"Initial dispensings","1604","Antifungals","New Zealand",2021,"108324","77747",100
"Initial dispensings","1604","Antifungals","New Zealand",2022,"109633","79254",100
"Initial dispensings","1604","Antifungals","New Zealand",2023,"118229","85026",100
"Initial dispensings","1604","Antifungals","New Zealand",2024,"121909","87155",100
"Initial dispensings","1604","Antifungals","New Zealand",2025,"127558","90023",100
"Initial dispensings","1007","Antifungals Topical","New Zealand",2021,"183531","142617",100
"Initial dispensings","1007","Antifungals Topical","New Zealand",2022,"179881","139318",100
"Initial dispensings","1007","Antifungals Topical","New Zealand",2023,"198105","153781",100
"Initial dispensings","1007","Antifungals Topical","New Zealand",2024,"204903","156952",100
"Initial dispensings","1007","Antifungals Topical","New Zealand",2025,"213383","162484",100
"Initial dispensings","2804","Antihistamines","New Zealand",2021,"1263338","691221",100
"Initial dispensings","2804","Antihistamines","New Zealand",2022,"1374391","740851",100
"Initial dispensings","2804","Antihistamines","New Zealand",2023,"1470773","789916",100
"Initial dispensings","2804","Antihistamines","New Zealand",2024,"1555158","822182",100
"Initial dispensings","2804","Antihistamines","New Zealand",2025,"1612278","842319",100
"Initial dispensings","715","Antihypotensives","New Zealand",2021,"5003","1180",100
"Initial dispensings","715","Antihypotensives","New Zealand",2022,"5628","1290",100
"Initial dispensings","715","Antihypotensives","New Zealand",2023,"6343","1441",100
"Initial dispensings","715","Antihypotensives","New Zealand",2024,"7765","1725",100
"Initial dispensings","715","Antihypotensives","New Zealand",2025,"9217","2004",100
"Initial dispensings","1610","Antimalarials","New Zealand",2021,"<6","<6",100
"Initial dispensings","1610","Antimalarials","New Zealand",2022,"<6","<6",100
"Initial dispensings","1610","Antimalarials","New Zealand",2023,"12","12",100
"Initial dispensings","1610","Antimalarials","New Zealand",2024,"13","12",100
"Initial dispensings","1610","Antimalarials","New Zealand",2025,"9","8",100
"Initial dispensings","2213","Antimigraine Preparations","New Zealand",2021,"127992","66066",100
"Initial dispensings","2213","Antimigraine Preparations","New Zealand",2022,"130836","67259",100
"Initial dispensings","2213","Antimigraine Preparations","New Zealand",2023,"138308","72034",100
"Initial dispensings","2213","Antimigraine Preparations","New Zealand",2024,"145509","75611",100
"Initial dispensings","2213","Antimigraine Preparations","New Zealand",2025,"151664","79273",100
"Initial dispensings","2216","Antinausea and Vertigo Agents","New Zealand",2021,"561201","321895",100
"Initial dispensings","2216","Antinausea and Vertigo Agents","New Zealand",2022,"621186","364675",100
"Initial dispensings","2216","Antinausea and Vertigo Agents","New Zealand",2023,"667305","398546",100
"Initial dispensings","2216","Antinausea and Vertigo Agents","New Zealand",2024,"691714","406366",100
"Initial dispensings","2216","Antinausea and Vertigo Agents","New Zealand",2025,"723063","423612",100
"Initial dispensings","1612","Antiparasitics","New Zealand",2021,"85","72",100
"Initial dispensings","1008","Antipruritic Preparations","New Zealand",2021,"45844","38375",100
"Initial dispensings","1008","Antipruritic Preparations","New Zealand",2022,"46401","38093",100
"Initial dispensings","1008","Antipruritic Preparations","New Zealand",2023,"27574","23059",100
"Initial dispensings","1008","Antipruritic Preparations","New Zealand",2024,"49438","40345",100
"Initial dispensings","1008","Antipruritic Preparations","New Zealand",2025,"73172","58760",100
"Initial dispensings","2222","Antipsychotics","New Zealand",2021,"735491","157239",100
"Initial dispensings","2222","Antipsychotics","New Zealand",2022,"761462","163222",100
"Initial dispensings","2222","Antipsychotics","New Zealand",2023,"794482","167645",100
"Initial dispensings","2222","Antipsychotics","New Zealand",2024,"844572","174134",100
"Initial dispensings","2222","Antipsychotics","New Zealand",2025,"885131","180264",100
"Initial dispensings","1620","Antiretrovirals","New Zealand",2021,"17321","3208",100
"Initial dispensings","1620","Antiretrovirals","New Zealand",2022,"18272","3310",100
"Initial dispensings","1620","Antiretrovirals","New Zealand",2023,"20000","3590",100
"Initial dispensings","1620","Antiretrovirals","New Zealand",2024,"20166","3702",100
"Initial dispensings","1620","Antiretrovirals","New Zealand",2025,"17811","3828",100
"Initial dispensings","1907","Antirheumatoid Agents","New Zealand",2021,"56006","15962",100
"Initial dispensings","1907","Antirheumatoid Agents","New Zealand",2022,"57242","16376",100
"Initial dispensings","1907","Antirheumatoid Agents","New Zealand",2023,"58613","16797",100
"Initial dispensings","1907","Antirheumatoid Agents","New Zealand",2024,"60177","17048",100
"Initial dispensings","1907","Antirheumatoid Agents","New Zealand",2025,"61772","17522",100
"Initial dispensings","107","Antispasmodics and Other Agents Altering Gut Motility","New Zealand",2021,"112752","79986",100
"Initial dispensings","107","Antispasmodics and Other Agents Altering Gut Motility","New Zealand",2022,"116056","82140",100
"Initial dispensings","107","Antispasmodics and Other Agents Altering Gut Motility","New Zealand",2023,"118159","83668",100
"Initial dispensings","107","Antispasmodics and Other Agents Altering Gut Motility","New Zealand",2024,"120242","84171",100
"Initial dispensings","107","Antispasmodics and Other Agents Altering Gut Motility","New Zealand",2025,"118240","83103",100
"Initial dispensings","407","Antithrombotic Agents","New Zealand",2021,"1880590","477668",100
"Initial dispensings","407","Antithrombotic Agents","New Zealand",2022,"1907572","487272",100
"Initial dispensings","407","Antithrombotic Agents","New Zealand",2023,"1951662","498914",100
"Initial dispensings","407","Antithrombotic Agents","New Zealand",2024,"2011807","509474",100
"Initial dispensings","407","Antithrombotic Agents","New Zealand",2025,"2054936","521814",100
"Initial dispensings","1613","Antitrichomonal Agents","New Zealand",2021,"154295","122182",100
"Initial dispensings","1613","Antitrichomonal Agents","New Zealand",2022,"150223","120000",100
"Initial dispensings","1613","Antitrichomonal Agents","New Zealand",2023,"148527","120068",100
"Initial dispensings","1613","Antitrichomonal Agents","New Zealand",2024,"146725","118919",100
"Initial dispensings","1613","Antitrichomonal Agents","New Zealand",2025,"145415","118266",100
"Initial dispensings","1616","Antituberculotics and Antileprotics","New Zealand",2021,"7835","2714",100
"Initial dispensings","1616","Antituberculotics and Antileprotics","New Zealand",2022,"7707","2555",100
"Initial dispensings","1616","Antituberculotics and Antileprotics","New Zealand",2023,"7573","2743",100
"Initial dispensings","1616","Antituberculotics and Antileprotics","New Zealand",2024,"8595","2986",100
"Initial dispensings","1616","Antituberculotics and Antileprotics","New Zealand",2025,"8437","2708",100
"Initial dispensings","110","Antiulcerants","New Zealand",2021,"1987013","701838",100
"Initial dispensings","110","Antiulcerants","New Zealand",2022,"2059754","722866",100
"Initial dispensings","110","Antiulcerants","New Zealand",2023,"2149738","750882",100
"Initial dispensings","110","Antiulcerants","New Zealand",2024,"2266042","779440",100
"Initial dispensings","110","Antiulcerants","New Zealand",2025,"2338025","792597",100
"Initial dispensings","1619","Antivirals","New Zealand",2021,"195192","104043",100
"Initial dispensings","1619","Antivirals","New Zealand",2022,"201875","105775",100
"Initial dispensings","1619","Antivirals","New Zealand",2023,"211850","110152",100
"Initial dispensings","1619","Antivirals","New Zealand",2024,"226777","115510",100
"Initial dispensings","1619","Antivirals","New Zealand",2025,"239980","121788",100
"Initial dispensings","1010","Antivirals Topical","New Zealand",2021,"<6","<6",100
"Initial dispensings","1010","Antivirals Topical","New Zealand",2022,"<6","<6",100
"Initial dispensings","1010","Antivirals Topical","New Zealand",2023,"<6","<6",100
"Initial dispensings","1010","Antivirals Topical","New Zealand",2024,"<6","<6",100
"Initial dispensings","1010","Antivirals Topical","New Zealand",2025,"<6","<6",100
"Initial dispensings","2225","Anxiolytics","New Zealand",2021,"451288","153229",100
"Initial dispensings","2225","Anxiolytics","New Zealand",2022,"448107","152269",100
"Initial dispensings","2225","Anxiolytics","New Zealand",2023,"457615","156516",100
"Initial dispensings","2225","Anxiolytics","New Zealand",2024,"480775","160170",100
"Initial dispensings","2225","Anxiolytics","New Zealand",2025,"495652","164175",100
"Initial dispensings","1015","Barrier Creams and Emollients","New Zealand",2021,"737493","414489",100
"Initial dispensings","1015","Barrier Creams and Emollients","New Zealand",2022,"754211","423749",100
"Initial dispensings","1015","Barrier Creams and Emollients","New Zealand",2023,"864193","484103",100
"Initial dispensings","1015","Barrier Creams and Emollients","New Zealand",2024,"934255","506857",100
"Initial dispensings","1015","Barrier Creams and Emollients","New Zealand",2025,"1001383","529822",100
"Initial dispensings","2830","Beta-Adrenoceptor Agonists","New Zealand",2021,"780965","402652",100
"Initial dispensings","2830","Beta-Adrenoceptor Agonists","New Zealand",2022,"886387","468064",100
"Initial dispensings","2830","Beta-Adrenoceptor Agonists","New Zealand",2023,"833510","436901",100
"Initial dispensings","2830","Beta-Adrenoceptor Agonists","New Zealand",2024,"827845","433053",100
"Initial dispensings","2830","Beta-Adrenoceptor Agonists","New Zealand",2025,"789186","410411",100
"Initial dispensings","716","Beta-Adrenoceptor Blockers","New Zealand",2021,"1429710","360720",100
"Initial dispensings","716","Beta-Adrenoceptor Blockers","New Zealand",2022,"1456682","368498",100
"Initial dispensings","716","Beta-Adrenoceptor Blockers","New Zealand",2023,"1496749","377481",100
"Initial dispensings","716","Beta-Adrenoceptor Blockers","New Zealand",2024,"1542342","385297",100
"Initial dispensings","716","Beta-Adrenoceptor Blockers","New Zealand",2025,"1578209","393269",100
"Initial dispensings","111","Bile and Liver Therapy","New Zealand",2021,"1503","395",100
"Initial dispensings","111","Bile and Liver Therapy","New Zealand",2022,"1596","451",100
"Initial dispensings","111","Bile and Liver Therapy","New Zealand",2023,"1867","504",100
"Initial dispensings","111","Bile and Liver Therapy","New Zealand",2024,"1850","515",100
"Initial dispensings","111","Bile and Liver Therapy","New Zealand",2025,"2043","535",100
"Initial dispensings","408","Blood Colony-stimulating Factors","New Zealand",2021,"9131","4188",100
"Initial dispensings","408","Blood Colony-stimulating Factors","New Zealand",2022,"9231","4325",100
"Initial dispensings","408","Blood Colony-stimulating Factors","New Zealand",2023,"9282","4310",100
"Initial dispensings","408","Blood Colony-stimulating Factors","New Zealand",2024,"9872","4508",100
"Initial dispensings","408","Blood Colony-stimulating Factors","New Zealand",2025,"10294","4743",100
"Initial dispensings","722","Calcium Channel Blockers","New Zealand",2021,"1326604","350727",100
"Initial dispensings","722","Calcium Channel Blockers","New Zealand",2022,"1371514","363717",100
"Initial dispensings","722","Calcium Channel Blockers","New Zealand",2023,"1444041","383246",100
"Initial dispensings","722","Calcium Channel Blockers","New Zealand",2024,"1525913","401101",100
"Initial dispensings","722","Calcium Channel Blockers","New Zealand",2025,"1596985","419281",100
"Initial dispensings","1404","Calcium Homeostasis","New Zealand",2021,"1696","904",100
"Initial dispensings","1404","Calcium Homeostasis","New Zealand",2022,"1701","968",100
"Initial dispensings","1404","Calcium Homeostasis","New Zealand",2023,"3741","1620",100
"Initial dispensings","1404","Calcium Homeostasis","New Zealand",2024,"5484","2068",100
"Initial dispensings","1404","Calcium Homeostasis","New Zealand",2025,"7114","2428",100
"Initial dispensings","728","Centrally-Acting Agents","New Zealand",2021,"39182","13501",100
"Initial dispensings","728","Centrally-Acting Agents","New Zealand",2022,"40448","13511",100
"Initial dispensings","728","Centrally-Acting Agents","New Zealand",2023,"45113","15349",100
"Initial dispensings","728","Centrally-Acting Agents","New Zealand",2024,"50193","16747",100
"Initial dispensings","728","Centrally-Acting Agents","New Zealand",2025,"56157","18342",100
"Initial dispensings","2501","Chemotherapeutic Agents","New Zealand",2021,"155679","39207",100
"Initial dispensings","2501","Chemotherapeutic Agents","New Zealand",2022,"162134","40843",100
"Initial dispensings","2501","Chemotherapeutic Agents","New Zealand",2023,"171560","42944",100
"Initial dispensings","2501","Chemotherapeutic Agents","New Zealand",2024,"181262","45097",100
"Initial dispensings","2501","Chemotherapeutic Agents","New Zealand",2025,"191870","47777",100
"Initial dispensings","1308","Contraceptives - Hormonal","New Zealand",2021,"443827","233940",100
"Initial dispensings","1308","Contraceptives - Hormonal","New Zealand",2022,"426842","224661",100
"Initial dispensings","1308","Contraceptives - Hormonal","New Zealand",2023,"420244","222233",100
"Initial dispensings","1308","Contraceptives - Hormonal","New Zealand",2024,"413005","217556",100
"Initial dispensings","1308","Contraceptives - Hormonal","New Zealand",2025,"424892","222679",100
"Initial dispensings","1301","Contraceptives - Non-hormonal","New Zealand",2021,"44520","40090",100
"Initial dispensings","1301","Contraceptives - Non-hormonal","New Zealand",2022,"42748","38321",100
"Initial dispensings","1301","Contraceptives - Non-hormonal","New Zealand",2023,"44066","39555",100
"Initial dispensings","1301","Contraceptives - Non-hormonal","New Zealand",2024,"45819","40928",100
"Initial dispensings","1301","Contraceptives - Non-hormonal","New Zealand",2025,"43463","38862",100
"Initial dispensings","1011","Corticosteroids Topical","New Zealand",2021,"1198605","701613",100
"Initial dispensings","1011","Corticosteroids Topical","New Zealand",2022,"1188356","689755",100
"Initial dispensings","1011","Corticosteroids Topical","New Zealand",2023,"1280458","740076",100
"Initial dispensings","1011","Corticosteroids Topical","New Zealand",2024,"1306170","744995",100
"Initial dispensings","1011","Corticosteroids Topical","New Zealand",2025,"1314334","744273",100
"Initial dispensings","1407","Corticosteroids and Related Agents for Systemic Use","New Zealand",2021,"777767","380814",100
"Initial dispensings","1407","Corticosteroids and Related Agents for Systemic Use","New Zealand",2022,"864528","441582",100
"Initial dispensings","1407","Corticosteroids and Related Agents for Systemic Use","New Zealand",2023,"878863","451711",100
"Initial dispensings","1407","Corticosteroids and Related Agents for Systemic Use","New Zealand",2024,"902173","462805",100
"Initial dispensings","1407","Corticosteroids and Related Agents for Systemic Use","New Zealand",2025,"876497","447617",100
"Initial dispensings","2847","Cough Preparations","New Zealand",2021,"<6","<6",100
"Initial dispensings","2847","Cough Preparations","New Zealand",2022,"<6","<6",100
"Initial dispensings","1322","Detection of Substances in Urine","New Zealand",2021,"97","68",100
"Initial dispensings","1322","Detection of Substances in Urine","New Zealand",2022,"109","78",100
"Initial dispensings","1322","Detection of Substances in Urine","New Zealand",2023,"139","90",100
"Initial dispensings","1322","Detection of Substances in Urine","New Zealand",2024,"143","100",100
"Initial dispensings","1322","Detection of Substances in Urine","New Zealand",2025,"186","119",100
"Initial dispensings","113","Diabetes","New Zealand",2021,"1600157","261018",100
"Initial dispensings","113","Diabetes","New Zealand",2022,"1723749","278092",100
"Initial dispensings","113","Diabetes","New Zealand",2023,"1847222","296290",100
"Initial dispensings","113","Diabetes","New Zealand",2024,"1993782","318560",100
"Initial dispensings","113","Diabetes","New Zealand",2025,"2181323","350542",100
"Initial dispensings","115","Diabetes Management","New Zealand",2021,"530803","133960",100
"Initial dispensings","115","Diabetes Management","New Zealand",2022,"534276","134137",100
"Initial dispensings","115","Diabetes Management","New Zealand",2023,"541759","136495",100
"Initial dispensings","115","Diabetes Management","New Zealand",2024,"590630","140693",100
"Initial dispensings","115","Diabetes Management","New Zealand",2025,"656902","143728",100
"Initial dispensings","122","Digestives Including Enzymes","New Zealand",2021,"20822","6539",100
"Initial dispensings","122","Digestives Including Enzymes","New Zealand",2022,"22729","7078",100
"Initial dispensings","122","Digestives Including Enzymes","New Zealand",2023,"25177","7866",100
"Initial dispensings","122","Digestives Including Enzymes","New Zealand",2024,"28857","8969",100
"Initial dispensings","122","Digestives Including Enzymes","New Zealand",2025,"32314","9702",100
"Initial dispensings","1013","Disinfecting and Cleansing Agents","New Zealand",2021,"<6","<6",100
"Initial dispensings","1013","Disinfecting and Cleansing Agents","New Zealand",2022,"<6","<6",100
"Initial dispensings","1013","Disinfecting and Cleansing Agents","New Zealand",2025,"<6","<6",100
"Initial dispensings","731","Diuretics","New Zealand",2021,"926437","232164",100
"Initial dispensings","731","Diuretics","New Zealand",2022,"949045","238080",100
"Initial dispensings","731","Diuretics","New Zealand",2023,"979593","239028",100
"Initial dispensings","731","Diuretics","New Zealand",2024,"1005560","239614",100
"Initial dispensings","731","Diuretics","New Zealand",2025,"1030972","241980",100
"Initial dispensings","1908","Drugs Affecting Bone Metabolism","New Zealand",2021,"148868","52679",100
"Initial dispensings","1908","Drugs Affecting Bone Metabolism","New Zealand",2022,"152092","54473",100
"Initial dispensings","1908","Drugs Affecting Bone Metabolism","New Zealand",2023,"155803","56744",100
"Initial dispensings","1908","Drugs Affecting Bone Metabolism","New Zealand",2024,"162199","59618",100
"Initial dispensings","1908","Drugs Affecting Bone Metabolism","New Zealand",2025,"165787","62578",100
"Initial dispensings","3101","Ear Preparations","New Zealand",2021,"71790","59786",100
"Initial dispensings","3101","Ear Preparations","New Zealand",2022,"68496","57055",100
"Initial dispensings","3101","Ear Preparations","New Zealand",2023,"78574","65098",100
"Initial dispensings","3101","Ear Preparations","New Zealand",2024,"83248","68925",100
"Initial dispensings","3101","Ear Preparations","New Zealand",2025,"79670","65567",100
"Initial dispensings","3102","Ear/Eye Preparations","New Zealand",2021,"64877","56306",100
"Initial dispensings","3102","Ear/Eye Preparations","New Zealand",2022,"75938","65334",100
"Initial dispensings","3102","Ear/Eye Preparations","New Zealand",2023,"69226","60189",100
"Initial dispensings","3102","Ear/Eye Preparations","New Zealand",2024,"62481","53842",100
"Initial dispensings","3102","Ear/Eye Preparations","New Zealand",2025,"57910","50030",100
"Initial dispensings","2504","Endocrine Therapy","New Zealand",2021,"77914","24737",100
"Initial dispensings","2504","Endocrine Therapy","New Zealand",2022,"79311","25392",100
"Initial dispensings","2504","Endocrine Therapy","New Zealand",2023,"82254","26004",100
"Initial dispensings","2504","Endocrine Therapy","New Zealand",2024,"84950","26831",100
"Initial dispensings","2504","Endocrine Therapy","New Zealand",2025,"86600","27248",100
"Initial dispensings","3801","Extemporaneously Compounded Preparations and Galenicals","New Zealand",2021,"40529","21011",100
"Initial dispensings","3801","Extemporaneously Compounded Preparations and Galenicals","New Zealand",2022,"42657","23178",100
"Initial dispensings","3801","Extemporaneously Compounded Preparations and Galenicals","New Zealand",2023,"45415","25897",100
"Initial dispensings","3801","Extemporaneously Compounded Preparations and Galenicals","New Zealand",2024,"53478","31432",100
"Initial dispensings","3801","Extemporaneously Compounded Preparations and Galenicals","New Zealand",2025,"60713","35883",100
"Initial dispensings","3103","Eye Preparations","New Zealand",2021,"976830","404798",100
"Initial dispensings","3103","Eye Preparations","New Zealand",2022,"1033224","432079",100
"Initial dispensings","3103","Eye Preparations","New Zealand",2023,"1114252","466914",100
"Initial dispensings","3103","Eye Preparations","New Zealand",2024,"1173234","481372",100
"Initial dispensings","3103","Eye Preparations","New Zealand",2025,"1179647","472275",100
"Initial dispensings","410","Fluids and Electrolytes","New Zealand",2021,"164164","102691",100
"Initial dispensings","410","Fluids and Electrolytes","New Zealand",2022,"207449","138977",100
"Initial dispensings","410","Fluids and Electrolytes","New Zealand",2023,"231463","160309",100
"Initial dispensings","410","Fluids and Electrolytes","New Zealand",2024,"214250","146114",100
"Initial dispensings","410","Fluids and Electrolytes","New Zealand",2025,"218455","149398",100
"Initial dispensings","4208","Food Thickeners","New Zealand",2021,"655","156",100
"Initial dispensings","4208","Food Thickeners","New Zealand",2022,"429","140",100
"Initial dispensings","4208","Food Thickeners","New Zealand",2023,"398","123",100
"Initial dispensings","4208","Food Thickeners","New Zealand",2024,"398","130",100
"Initial dispensings","4208","Food Thickeners","New Zealand",2025,"575","147",100
"Initial dispensings","4212","Foods And Supplements For Inherited Metabolic Disease","New Zealand",2021,"1131","125",100
"Initial dispensings","4212","Foods And Supplements For Inherited Metabolic Disease","New Zealand",2022,"1062","122",100
"Initial dispensings","4212","Foods And Supplements For Inherited Metabolic Disease","New Zealand",2023,"1105","129",100
"Initial dispensings","4212","Foods And Supplements For Inherited Metabolic Disease","New Zealand",2024,"1291","151",100
"Initial dispensings","4212","Foods And Supplements For Inherited Metabolic Disease","New Zealand",2025,"1453","150",100
"Initial dispensings","4210","Gluten Free Foods","New Zealand",2021,"286","111",100
"Initial dispensings","4210","Gluten Free Foods","New Zealand",2022,"268","113",100
"Initial dispensings","4210","Gluten Free Foods","New Zealand",2023,"272","130",100
"Initial dispensings","4210","Gluten Free Foods","New Zealand",2024,"172","89",100
"Initial dispensings","4210","Gluten Free Foods","New Zealand",2025,"116","71",100
"Initial dispensings","1310","Gynaecological Anti-infectives","New Zealand",2021,"121074","91849",100
"Initial dispensings","1310","Gynaecological Anti-infectives","New Zealand",2022,"121415","91815",100
"Initial dispensings","1310","Gynaecological Anti-infectives","New Zealand",2023,"126968","95836",100
"Initial dispensings","1310","Gynaecological Anti-infectives","New Zealand",2024,"128011","95686",100
"Initial dispensings","1310","Gynaecological Anti-infectives","New Zealand",2025,"129461","96058",100
"Initial dispensings","1411","Hormone Replacement Therapy - Systemic","New Zealand",2021,"202384","65430",100
"Initial dispensings","1411","Hormone Replacement Therapy - Systemic","New Zealand",2022,"252779","78596",100
"Initial dispensings","1411","Hormone Replacement Therapy - Systemic","New Zealand",2023,"367684","111540",100
"Initial dispensings","1411","Hormone Replacement Therapy - Systemic","New Zealand",2024,"496844","144349",100
"Initial dispensings","1411","Hormone Replacement Therapy - Systemic","New Zealand",2025,"612549","179783",100
"Initial dispensings","1913","Hyperuricaemia and Antigout","New Zealand",2021,"583308","161178",100
"Initial dispensings","1913","Hyperuricaemia and Antigout","New Zealand",2022,"598776","165869",100
"Initial dispensings","1913","Hyperuricaemia and Antigout","New Zealand",2023,"628568","173614",100
"Initial dispensings","1913","Hyperuricaemia and Antigout","New Zealand",2024,"665473","180869",100
"Initial dispensings","1913","Hyperuricaemia and Antigout","New Zealand",2025,"688131","186682",100
"Initial dispensings","1622","Immune Modulators","New Zealand",2021,"323","119",100
"Initial dispensings","1622","Immune Modulators","New Zealand",2022,"456","151",100
"Initial dispensings","1622","Immune Modulators","New Zealand",2023,"604","195",100
"Initial dispensings","1622","Immune Modulators","New Zealand",2024,"768","231",100
"Initial dispensings","1622","Immune Modulators","New Zealand",2025,"903","278",100
"Initial dispensings","2507","Immunosuppressants","New Zealand",2021,"128863","28433",100
"Initial dispensings","2507","Immunosuppressants","New Zealand",2022,"141174","30979",100
"Initial dispensings","2507","Immunosuppressants","New Zealand",2023,"153949","34165",100
"Initial dispensings","2507","Immunosuppressants","New Zealand",2024,"168553","36953",100
"Initial dispensings","2507","Immunosuppressants","New Zealand",2025,"182494","40769",100
"Initial dispensings","4218","Infant Formulae","New Zealand",2021,"12951","4636",100
"Initial dispensings","4218","Infant Formulae","New Zealand",2022,"12433","4367",100
"Initial dispensings","4218","Infant Formulae","New Zealand",2023,"11718","4135",100
"Initial dispensings","4218","Infant Formulae","New Zealand",2024,"11096","4084",100
"Initial dispensings","4218","Infant Formulae","New Zealand",2025,"11077","3984",100
"Initial dispensings","2810","Inhaled Corticosteroids","New Zealand",2021,"213099","107692",100
"Initial dispensings","2810","Inhaled Corticosteroids","New Zealand",2022,"249969","137776",100
"Initial dispensings","2810","Inhaled Corticosteroids","New Zealand",2023,"207187","107022",100
"Initial dispensings","2810","Inhaled Corticosteroids","New Zealand",2024,"190949","96604",100
"Initial dispensings","2810","Inhaled Corticosteroids","New Zealand",2025,"166211","84026",100
"Initial dispensings","2824","Inhaled Long-acting Beta-adrenoceptor Agonists","New Zealand",2021,"729339","299598",100
"Initial dispensings","2824","Inhaled Long-acting Beta-adrenoceptor Agonists","New Zealand",2022,"853909","368977",100
"Initial dispensings","2824","Inhaled Long-acting Beta-adrenoceptor Agonists","New Zealand",2023,"883718","382919",100
"Initial dispensings","2824","Inhaled Long-acting Beta-adrenoceptor Agonists","New Zealand",2024,"926132","401132",100
"Initial dispensings","2824","Inhaled Long-acting Beta-adrenoceptor Agonists","New Zealand",2025,"917557","401459",100
"Initial dispensings","4225","Ketogenic Diet","New Zealand",2021,"216","67",100
"Initial dispensings","4225","Ketogenic Diet","New Zealand",2022,"191","67",100
"Initial dispensings","4225","Ketogenic Diet","New Zealand",2023,"191","62",100
"Initial dispensings","4225","Ketogenic Diet","New Zealand",2024,"193","57",100
"Initial dispensings","4225","Ketogenic Diet","New Zealand",2025,"195","52",100
"Initial dispensings","125","Laxatives","New Zealand",2021,"1146858","446707",100
"Initial dispensings","125","Laxatives","New Zealand",2022,"1117693","443529",100
"Initial dispensings","125","Laxatives","New Zealand",2023,"1235914","493007",100
"Initial dispensings","125","Laxatives","New Zealand",2024,"1345881","533823",100
"Initial dispensings","125","Laxatives","New Zealand",2025,"1442810","564314",100
"Initial dispensings","2837","Leukotriene Receptor Antagonists","New Zealand",2021,"28619","13071",100
"Initial dispensings","2837","Leukotriene Receptor Antagonists","New Zealand",2022,"32047","14727",100
"Initial dispensings","2837","Leukotriene Receptor Antagonists","New Zealand",2023,"36529","17072",100
"Initial dispensings","2837","Leukotriene Receptor Antagonists","New Zealand",2024,"39205","17926",100
"Initial dispensings","2837","Leukotriene Receptor Antagonists","New Zealand",2025,"39974","17714",100
"Initial dispensings","732","Lipid-Modifying Agents","New Zealand",2021,"2263553","595608",100
"Initial dispensings","732","Lipid-Modifying Agents","New Zealand",2022,"2391508","627313",100
"Initial dispensings","732","Lipid-Modifying Agents","New Zealand",2023,"2542962","665475",100
"Initial dispensings","732","Lipid-Modifying Agents","New Zealand",2024,"2742689","706522",100
"Initial dispensings","732","Lipid-Modifying Agents","New Zealand",2025,"2935628","746469",100
"Initial dispensings","105","Local preparations for Anal and Rectal Disorders","New Zealand",2021,"149132","98761",100
"Initial dispensings","105","Local preparations for Anal and Rectal Disorders","New Zealand",2022,"151194","99540",100
"Initial dispensings","105","Local preparations for Anal and Rectal Disorders","New Zealand",2023,"159393","104298",100
"Initial dispensings","105","Local preparations for Anal and Rectal Disorders","New Zealand",2024,"168143","108641",100
"Initial dispensings","105","Local preparations for Anal and Rectal Disorders","New Zealand",2025,"163095","106584",100
"Initial dispensings","2840","Mast Cell Stabilisers","New Zealand",2021,"119","90",100
"Initial dispensings","2843","Methylxanthines","New Zealand",2021,"2927","837",100
"Initial dispensings","2843","Methylxanthines","New Zealand",2022,"2569","763",100
"Initial dispensings","2843","Methylxanthines","New Zealand",2023,"2247","666",100
"Initial dispensings","2843","Methylxanthines","New Zealand",2024,"2073","595",100
"Initial dispensings","2843","Methylxanthines","New Zealand",2025,"1703","520",100
"Initial dispensings","138","Minerals","New Zealand",2021,"546631","265749",100
"Initial dispensings","138","Minerals","New Zealand",2022,"550490","271373",100
"Initial dispensings","138","Minerals","New Zealand",2023,"587017","287850",100
"Initial dispensings","138","Minerals","New Zealand",2024,"636821","305642",100
"Initial dispensings","138","Minerals","New Zealand",2025,"671083","318379",100
"Initial dispensings","1016","Minor Skin Infections","New Zealand",2021,"15490","14057",100
"Initial dispensings","1016","Minor Skin Infections","New Zealand",2022,"14010","12705",100
"Initial dispensings","1016","Minor Skin Infections","New Zealand",2023,"20955","18900",100
"Initial dispensings","1016","Minor Skin Infections","New Zealand",2024,"20191","18089",100
"Initial dispensings","1016","Minor Skin Infections","New Zealand",2025,"21986","19765",100
"Initial dispensings","131","Mouth and Throat","New Zealand",2021,"93864","68808",100
"Initial dispensings","131","Mouth and Throat","New Zealand",2022,"90901","67486",100
"Initial dispensings","131","Mouth and Throat","New Zealand",2023,"91711","68839",100
"Initial dispensings","131","Mouth and Throat","New Zealand",2024,"90061","67212",100
"Initial dispensings","131","Mouth and Throat","New Zealand",2025,"89106","66305",100
"Initial dispensings","2849","Mucolytics","New Zealand",2021,"2782","938",100
"Initial dispensings","2849","Mucolytics","New Zealand",2022,"2715","931",100
"Initial dispensings","2849","Mucolytics","New Zealand",2023,"2526","988",100
"Initial dispensings","2849","Mucolytics","New Zealand",2024,"2247","936",100
"Initial dispensings","2849","Mucolytics","New Zealand",2025,"2259","974",100
"Initial dispensings","2226","Multiple Sclerosis Treatments","New Zealand",2021,"6677","1907",100
"Initial dispensings","2226","Multiple Sclerosis Treatments","New Zealand",2022,"7326","2143",100
"Initial dispensings","2226","Multiple Sclerosis Treatments","New Zealand",2023,"8164","2352",100
"Initial dispensings","2226","Multiple Sclerosis Treatments","New Zealand",2024,"8744","2608",100
"Initial dispensings","2226","Multiple Sclerosis Treatments","New Zealand",2025,"8832","2803",100
"Initial dispensings","1916","Muscle Relaxants","New Zealand",2021,"189554","126293",100
"Initial dispensings","1916","Muscle Relaxants","New Zealand",2022,"190539","125228",100
"Initial dispensings","1916","Muscle Relaxants","New Zealand",2023,"210614","138553",100
"Initial dispensings","1916","Muscle Relaxants","New Zealand",2024,"232008","151017",100
"Initial dispensings","1916","Muscle Relaxants","New Zealand",2025,"246763","159841",100
"Initial dispensings","1314","Myometrial and Vaginal Hormone Preparations","New Zealand",2021,"174993","89020",100
"Initial dispensings","1314","Myometrial and Vaginal Hormone Preparations","New Zealand",2022,"190298","96434",100
"Initial dispensings","1314","Myometrial and Vaginal Hormone Preparations","New Zealand",2023,"219471","109037",100
"Initial dispensings","1314","Myometrial and Vaginal Hormone Preparations","New Zealand",2024,"259190","124842",100
"Initial dispensings","1314","Myometrial and Vaginal Hormone Preparations","New Zealand",2025,"317943","149316",100
"Initial dispensings","2851","Nasal Preparations","New Zealand",2021,"630088","366806",100
"Initial dispensings","2851","Nasal Preparations","New Zealand",2022,"691460","406986",100
"Initial dispensings","2851","Nasal Preparations","New Zealand",2023,"744584","442416",100
"Initial dispensings","2851","Nasal Preparations","New Zealand",2024,"736984","442364",100
"Initial dispensings","2851","Nasal Preparations","New Zealand",2025,"800979","469288",100
"Initial dispensings","734","Nitrates","New Zealand",2021,"171675","65140",100
"Initial dispensings","734","Nitrates","New Zealand",2022,"171725","63869",100
"Initial dispensings","734","Nitrates","New Zealand",2023,"176443","66055",100
"Initial dispensings","734","Nitrates","New Zealand",2024,"181522","66980",100
"Initial dispensings","734","Nitrates","New Zealand",2025,"184686","67451",100
"Initial dispensings","1904","Non-Steroidal Anti-Inflammatory Drugs","New Zealand",2021,"2029315","1237133",100
"Initial dispensings","1904","Non-Steroidal Anti-Inflammatory Drugs","New Zealand",2022,"2270030","1371404",100
"Initial dispensings","1904","Non-Steroidal Anti-Inflammatory Drugs","New Zealand",2023,"2404986","1447453",100
"Initial dispensings","1904","Non-Steroidal Anti-Inflammatory Drugs","New Zealand",2024,"2479924","1470863",100
"Initial dispensings","1904","Non-Steroidal Anti-Inflammatory Drugs","New Zealand",2025,"2504596","1479989",100
"Initial dispensings","4202","Nutrient Modules","New Zealand",2021,"5171","2324",100
"Initial dispensings","4202","Nutrient Modules","New Zealand",2022,"5736","2465",100
"Initial dispensings","4202","Nutrient Modules","New Zealand",2023,"6776","3004",100
"Initial dispensings","4202","Nutrient Modules","New Zealand",2024,"8506","3553",100
"Initial dispensings","4202","Nutrient Modules","New Zealand",2025,"10034","4373",100
"Initial dispensings","1325","Obstetric Preparations","New Zealand",2022,"402","399",100
"Initial dispensings","1325","Obstetric Preparations","New Zealand",2023,"4074","3890",100
"Initial dispensings","1325","Obstetric Preparations","New Zealand",2024,"6141","5811",100
"Initial dispensings","1325","Obstetric Preparations","New Zealand",2025,"6457","6158",100
"Initial dispensings","4206","Oral and Enteral Feeds","New Zealand",2021,"131787","48719",100
"Initial dispensings","4206","Oral and Enteral Feeds","New Zealand",2022,"144299","53732",100
"Initial dispensings","4206","Oral and Enteral Feeds","New Zealand",2023,"161613","59429",100
"Initial dispensings","4206","Oral and Enteral Feeds","New Zealand",2024,"181339","64162",100
"Initial dispensings","4206","Oral and Enteral Feeds","New Zealand",2025,"203384","69235",100
"Initial dispensings","1421","Other Endocrine Agents","New Zealand",2021,"8636","4144",100
"Initial dispensings","1421","Other Endocrine Agents","New Zealand",2022,"8956","4261",100
"Initial dispensings","1421","Other Endocrine Agents","New Zealand",2023,"9022","4167",100
"Initial dispensings","1421","Other Endocrine Agents","New Zealand",2024,"9076","4170",100
"Initial dispensings","1421","Other Endocrine Agents","New Zealand",2025,"9353","4202",100
"Initial dispensings","1412","Other Oestrogen Preparations","New Zealand",2021,"2825","1067",100
"Initial dispensings","1412","Other Oestrogen Preparations","New Zealand",2022,"2547","963",100
"Initial dispensings","1412","Other Oestrogen Preparations","New Zealand",2023,"2034","754",100
"Initial dispensings","1412","Other Oestrogen Preparations","New Zealand",2024,"1996","763",100
"Initial dispensings","1412","Other Oestrogen Preparations","New Zealand",2025,"1665","585",100
"Initial dispensings","1413","Other Progestogen Preparations","New Zealand",2021,"23155","13699",100
"Initial dispensings","1413","Other Progestogen Preparations","New Zealand",2022,"32841","21866",100
"Initial dispensings","1413","Other Progestogen Preparations","New Zealand",2023,"149489","62335",100
"Initial dispensings","1413","Other Progestogen Preparations","New Zealand",2024,"234218","88974",100
"Initial dispensings","1413","Other Progestogen Preparations","New Zealand",2025,"328662","117547",100
"Initial dispensings","1031","Other Skin Preparations","New Zealand",2021,"90370","79020",100
"Initial dispensings","1031","Other Skin Preparations","New Zealand",2022,"93520","82440",100
"Initial dispensings","1031","Other Skin Preparations","New Zealand",2023,"105969","93059",100
"Initial dispensings","1031","Other Skin Preparations","New Zealand",2024,"120598","105998",100
"Initial dispensings","1031","Other Skin Preparations","New Zealand",2025,"125160","110264",100
"Initial dispensings","1017","Parasiticidal Preparations","New Zealand",2021,"39577","31347",100
"Initial dispensings","1017","Parasiticidal Preparations","New Zealand",2022,"40414","31013",100
"Initial dispensings","1017","Parasiticidal Preparations","New Zealand",2023,"77411","55979",100
"Initial dispensings","1017","Parasiticidal Preparations","New Zealand",2024,"99146","65015",100
"Initial dispensings","1017","Parasiticidal Preparations","New Zealand",2025,"139066","83769",100
"Initial dispensings","1316","Pregnancy Tests - hCG Urine","New Zealand",2024,"<6","<6",100
"Initial dispensings","1316","Pregnancy Tests - hCG Urine","New Zealand",2025,"137","136",100
"Initial dispensings","1019","Psoriasis and Eczema Preparations","New Zealand",2021,"141194","86417",100
"Initial dispensings","1019","Psoriasis and Eczema Preparations","New Zealand",2022,"150694","93502",100
"Initial dispensings","1019","Psoriasis and Eczema Preparations","New Zealand",2023,"178634","115409",100
"Initial dispensings","1019","Psoriasis and Eczema Preparations","New Zealand",2024,"206716","137482",100
"Initial dispensings","1019","Psoriasis and Eczema Preparations","New Zealand",2025,"229853","155496",100
"Initial dispensings","2853","Respiratory Devices","New Zealand",2021,"<6","<6",100
"Initial dispensings","2856","Respiratory Stimulants","New Zealand",2021,"187","142",100
"Initial dispensings","2856","Respiratory Stimulants","New Zealand",2022,"239","163",100
"Initial dispensings","2856","Respiratory Stimulants","New Zealand",2023,"224","163",100
"Initial dispensings","2856","Respiratory Stimulants","New Zealand",2024,"172","108",100
"Initial dispensings","2856","Respiratory Stimulants","New Zealand",2025,"291","172",100
"Initial dispensings","1022","Scalp Preparations","New Zealand",2021,"124854","78147",100
"Initial dispensings","1022","Scalp Preparations","New Zealand",2022,"124975","79564",100
"Initial dispensings","1022","Scalp Preparations","New Zealand",2023,"144358","90712",100
"Initial dispensings","1022","Scalp Preparations","New Zealand",2024,"152983","95353",100
"Initial dispensings","1022","Scalp Preparations","New Zealand",2025,"159991","99023",100
"Initial dispensings","2228","Sedatives and Hypnotics","New Zealand",2021,"794362","278662",100
"Initial dispensings","2228","Sedatives and Hypnotics","New Zealand",2022,"823228","292547",100
"Initial dispensings","2228","Sedatives and Hypnotics","New Zealand",2023,"845906","306049",100
"Initial dispensings","2228","Sedatives and Hypnotics","New Zealand",2024,"868492","309239",100
"Initial dispensings","2228","Sedatives and Hypnotics","New Zealand",2025,"882535","312811",100
"Initial dispensings","1410","Sex Hormones Non Contraceptive","New Zealand",2021,"32412","10621",100
"Initial dispensings","1410","Sex Hormones Non Contraceptive","New Zealand",2022,"35141","11234",100
"Initial dispensings","1410","Sex Hormones Non Contraceptive","New Zealand",2023,"38319","12267",100
"Initial dispensings","1410","Sex Hormones Non Contraceptive","New Zealand",2024,"44705","14692",100
"Initial dispensings","1410","Sex Hormones Non Contraceptive","New Zealand",2025,"52379","17947",100
"Initial dispensings","2231","Stimulants/ADHD Treatments","New Zealand",2021,"361702","40607",100
"Initial dispensings","2231","Stimulants/ADHD Treatments","New Zealand",2022,"442680","50717",100
"Initial dispensings","2231","Stimulants/ADHD Treatments","New Zealand",2023,"454654","64118",100
"Initial dispensings","2231","Stimulants/ADHD Treatments","New Zealand",2024,"392547","80009",100
"Initial dispensings","2231","Stimulants/ADHD Treatments","New Zealand",2025,"488779","102877",100
"Initial dispensings","1025","Sunscreens","New Zealand",2021,"2819","1927",100
"Initial dispensings","1025","Sunscreens","New Zealand",2022,"3050","2010",100
"Initial dispensings","1025","Sunscreens","New Zealand",2023,"3474","2283",100
"Initial dispensings","1025","Sunscreens","New Zealand",2024,"4622","2945",100
"Initial dispensings","1025","Sunscreens","New Zealand",2025,"5106","3255",100
"Initial dispensings","737","Sympathomimetics","New Zealand",2021,"1491","1201",100
"Initial dispensings","737","Sympathomimetics","New Zealand",2022,"1361","1150",100
"Initial dispensings","737","Sympathomimetics","New Zealand",2023,"838","694",100
"Initial dispensings","737","Sympathomimetics","New Zealand",2024,"754","578",100
"Initial dispensings","737","Sympathomimetics","New Zealand",2025,"649","493",100
"Initial dispensings","1414","Thyroid and Antithyroid Agents","New Zealand",2021,"714132","154946",100
"Initial dispensings","1414","Thyroid and Antithyroid Agents","New Zealand",2022,"735004","158816",100
"Initial dispensings","1414","Thyroid and Antithyroid Agents","New Zealand",2023,"761394","163085",100
"Initial dispensings","1414","Thyroid and Antithyroid Agents","New Zealand",2024,"800903","167451",100
"Initial dispensings","1414","Thyroid and Antithyroid Agents","New Zealand",2025,"835088","172670",100
"Initial dispensings","1905","Topical Products for Joint and Muscular Pain","New Zealand",2021,"28143","16941",100
"Initial dispensings","1905","Topical Products for Joint and Muscular Pain","New Zealand",2022,"31478","18465",100
"Initial dispensings","1905","Topical Products for Joint and Muscular Pain","New Zealand",2023,"38380","23204",100
"Initial dispensings","1905","Topical Products for Joint and Muscular Pain","New Zealand",2024,"47648","28199",100
"Initial dispensings","1905","Topical Products for Joint and Muscular Pain","New Zealand",2025,"62356","35064",100
"Initial dispensings","2232","Treatments for Dementia","New Zealand",2021,"39159","9228",100
"Initial dispensings","2232","Treatments for Dementia","New Zealand",2022,"41031","9752",100
"Initial dispensings","2232","Treatments for Dementia","New Zealand",2023,"45299","10717",100
"Initial dispensings","2232","Treatments for Dementia","New Zealand",2024,"50650","11424",100
"Initial dispensings","2232","Treatments for Dementia","New Zealand",2025,"56040","12267",100
"Initial dispensings","2234","Treatments for Substance Dependence","New Zealand",2021,"251394","78143",100
"Initial dispensings","2234","Treatments for Substance Dependence","New Zealand",2022,"232515","69330",100
"Initial dispensings","2234","Treatments for Substance Dependence","New Zealand",2023,"278687","81075",100
"Initial dispensings","2234","Treatments for Substance Dependence","New Zealand",2024,"313591","89707",100
"Initial dispensings","2234","Treatments for Substance Dependence","New Zealand",2025,"340275","98839",100
"Initial dispensings","1416","Trophic Hormones","New Zealand",2021,"33341","11184",100
"Initial dispensings","1416","Trophic Hormones","New Zealand",2022,"35339","11775",100
"Initial dispensings","1416","Trophic Hormones","New Zealand",2023,"37242","12297",100
"Initial dispensings","1416","Trophic Hormones","New Zealand",2024,"39087","12767",100
"Initial dispensings","1416","Trophic Hormones","New Zealand",2025,"40322","13269",100
"Initial dispensings","1319","Urinary Agents","New Zealand",2021,"320584","118625",100
"Initial dispensings","1319","Urinary Agents","New Zealand",2022,"341470","123611",100
"Initial dispensings","1319","Urinary Agents","New Zealand",2023,"369244","128835",100
"Initial dispensings","1319","Urinary Agents","New Zealand",2024,"393626","129829",100
"Initial dispensings","1319","Urinary Agents","New Zealand",2025,"417748","131778",100
"Initial dispensings","1623","Urinary Tract Infections","New Zealand",2021,"177593","117803",100
"Initial dispensings","1623","Urinary Tract Infections","New Zealand",2022,"201825","132536",100
"Initial dispensings","1623","Urinary Tract Infections","New Zealand",2023,"224097","145317",100
"Initial dispensings","1623","Urinary Tract Infections","New Zealand",2024,"229525","145542",100
"Initial dispensings","1623","Urinary Tract Infections","New Zealand",2025,"230782","143192",100
"Initial dispensings","4525","Vaccinations","New Zealand",2021,"126936","126147",100
"Initial dispensings","4525","Vaccinations","New Zealand",2022,"253592","250485",100
"Initial dispensings","4525","Vaccinations","New Zealand",2023,"336874","323524",100
"Initial dispensings","4525","Vaccinations","New Zealand",2024,"343986","321318",100
"Initial dispensings","4525","Vaccinations","New Zealand",2025,"376325","341360",100
"Initial dispensings","740","Vasodilators","New Zealand",2021,"12296","3449",100
"Initial dispensings","740","Vasodilators","New Zealand",2022,"13632","3872",100
"Initial dispensings","740","Vasodilators","New Zealand",2023,"15645","4637",100
"Initial dispensings","740","Vasodilators","New Zealand",2024,"18104","5532",100
"Initial dispensings","740","Vasodilators","New Zealand",2025,"21584","6625",100
"Initial dispensings","1419","Vasopressin Agonists","New Zealand",2021,"5942","2135",100
"Initial dispensings","1419","Vasopressin Agonists","New Zealand",2022,"5911","2084",100
"Initial dispensings","1419","Vasopressin Agonists","New Zealand",2023,"6223","2244",100
"Initial dispensings","1419","Vasopressin Agonists","New Zealand",2024,"6490","2316",100
"Initial dispensings","1419","Vasopressin Agonists","New Zealand",2025,"7011","2398",100
"Initial dispensings","137","Vitamins","New Zealand",2021,"1510462","462889",100
"Initial dispensings","137","Vitamins","New Zealand",2022,"1627527","496570",100
"Initial dispensings","137","Vitamins","New Zealand",2023,"1779400","545081",100
"Initial dispensings","137","Vitamins","New Zealand",2024,"2022481","611287",100
"Initial dispensings","137","Vitamins","New Zealand",2025,"2295146","696412",100
"Initial dispensings","1028","Wart Preparations","New Zealand",2021,"2707","2380",100
"Initial dispensings","1028","Wart Preparations","New Zealand",2022,"2440","2159",100
"Initial dispensings","1028","Wart Preparations","New Zealand",2023,"2410","2129",100
"Initial dispensings","1028","Wart Preparations","New Zealand",2024,"2571","2265",100
"Initial dispensings","1028","Wart Preparations","New Zealand",2025,"2380","2102",100
